match_type,seed,focal_color,ply,turn_number,legal_moves,d1_move,d1_value,d1_margin,d1_generated,d1_evaluated,d1_captures,d1_wins,d2_move,d2_value,d2_margin,d2_generated,d2_evaluated,d2_captures,d2_wins,changed,d1_value_of_d2_move,d2_value_of_d1_move
canonical,0,orange,0,1,52,g0-f3,0.1304127057330537,0.0024328479630559285,52,52,False,False,g0-f3,4.1217029789208933e-19,0.009899670013199465,2735,2683,False,False,0,0.1304127057330537,4.1217029789208933e-19
canonical,0,orange,2,2,61,f3-g6,0.5856042014774983,0.009739744599363553,61,61,False,False,d0-e3,0.0617945592800374,0.01974487364681471,3612,3551,False,False,1,0.19063974460763994,-0.6213560207550131
canonical,0,orange,4,3,70,f3-g6,0.7050937949036709,0.007395770358523013,70,70,False,False,f3-g4,0.2056863593945261,0.009492062482189562,4181,4111,False,False,1,0.5791300840519215,-0.5564352821184146
canonical,0,orange,6,4,68,g4-d7,1.0,0.133523985732389,68,68,True,True,g4-d7,1.0,0.39079522672290135,4735,4668,True,True,0,1.0,1.0
canonical,0,black,1,1,52,g9-d6,0.3824844196653812,0.0,52,52,False,False,g9-f6,-0.007424860784382352,0.01979327832228041,3437,3385,False,False,1,0.3824844196653812,-0.027218139106662764
canonical,0,black,3,2,61,f6-g3,0.7186384407005898,0.04541043162410374,61,61,False,False,d9-g6,0.1977789703507166,0.028677923474375727,2946,2885,False,False,1,0.31088071609352763,-0.5083856922272251
canonical,0,black,5,3,70,g6-f3,0.7803200547728827,0.0018821524640743048,70,70,False,False,j8-i6,0.2571460680621106,0.020112883159160738,3548,3478,False,False,1,0.7095363585853657,-0.46202545994078914
canonical,0,black,7,4,77,i6-j6,1.0,0.07831132641018956,77,77,True,True,i6-j6,1.0,0.6721197894099273,3800,3724,True,True,0,1.0,1.0
canonical,1,orange,0,1,52,g0-f3,0.1304127057330537,0.0024328479630559285,52,52,False,False,g0-f3,4.1217029789208933e-19,0.009899670013199465,2735,2683,False,False,0,0.1304127057330537,4.1217029789208933e-19
canonical,1,orange,2,2,61,f3-g6,0.5519033526095038,0.010320416309782088,61,61,False,False,d0-e3,0.06097273100482132,0.0,3474,3413,False,False,1,0.1898452094735879,-0.5972757239860954
canonical,1,orange,4,3,70,e3-f6,0.7119351070634301,0.0023987484780644275,70,70,False,False,c1-b2,0.1393192248151086,0.019460058199208333,3988,3918,False,False,1,0.246343061641656,-0.5150360894845065
canonical,1,orange,6,4,79,e3-f6,0.7393988842659784,0.0021970209074517744,79,79,False,False,f3-i6,0.3344742725962991,0.25052634986308414,4798,4719,False,False,1,0.6687679550699,-0.46267052245061363
canonical,1,orange,8,5,79,i6-f9,1.0,0.12050807985463352,79,79,True,True,i6-f9,1.0,0.46015374816749555,6482,6404,True,True,0,1.0,1.0
canonical,1,black,1,1,52,g9-f6,0.07082878000587618,0.002462766886149076,52,52,False,False,g9-f6,-0.06015081836651656,0.009857135716552806,3047,2995,False,False,0,0.07082878000587618,-0.06015081836651656
canonical,1,black,3,2,61,f6-g3,0.5162384765089251,0.010896501390546098,61,61,False,False,d9-e6,-0.21356641521533615,0.0,4031,3970,False,False,1,0.10193743624914148,-0.7451778859527235
canonical,1,black,5,3,70,e6-f3,0.6601545451205899,0.002758142555419507,70,70,False,False,c8-b7,-0.12716855746444614,0.019420813478918886,4416,4346,False,False,1,0.18905042036182163,-0.7870954737806872
canonical,1,black,7,4,79,e6-f3,0.7115365110464144,0.022241415086599714,79,79,False,False,e9-d7,0.02144664410238381,0.03959461090351345,5274,5195,False,False,1,0.3278802105900726,-0.764176285066014
canonical,1,black,9,5,98,f6-e3,0.8120212387571611,0.027673771471455,98,98,False,False,d7-e4,0.2143528808780985,0.07907931359116727,7012,6914,False,False,1,0.7843474672857061,-0.7018261887048088
canonical,1,black,11,6,124,e4-h1,1.0,0.06719910222691561,124,124,True,False,e4-h1,1.0,1.0502816976912246,8851,8728,True,False,0,1.0,1.0
extra,2,orange,0,1,52,g0-f3,0.1304127057330537,0.0024328479630559285,52,52,False,False,g0-f3,4.1217029789208933e-19,0.009899670013199465,2735,2683,False,False,0,0.1304127057330537,4.1217029789208933e-19
extra,2,orange,2,2,61,f3-g6,0.5586885598792347,0.010206344550773294,61,61,False,False,d0-e3,0.11009278134194692,0.0,3163,3102,False,False,1,0.23703318490294986,-0.5581260336036791
extra,2,orange,4,3,70,e3-d6,0.7818772238836922,0.017367706607617883,70,70,False,False,f3-e4,0.004949958750412478,0.0,3776,3706,False,False,1,0.1802912595722165,-0.4855560071711342
extra,2,orange,6,4,70,e3-d6,0.728248843003159,0.02112848649235355,70,70,False,False,e4-f5,0.29141649748232434,0.09284558552242675,3649,3579,False,False,1,0.41292130050814446,-0.4930376025370611
extra,2,orange,8,5,74,e3-d6,0.7743088276549777,0.017916015992155976,74,74,False,False,c1-b2,-0.03463585817945164,0.009884094908312602,4685,4611,False,False,1,0.37119723883689604,-0.7014155590090181
extra,2,orange,10,6,83,e3-d6,0.7927901750081755,0.016566901352457863,83,83,False,False,e0-d2,0.11416485909459982,0.04908385290272424,5232,5149,False,False,1,0.4843018933384023,-0.6758798997084668
extra,2,orange,12,7,102,e3-d6,0.8346314599386667,0.013384675534494406,102,102,False,False,d2-d5,0.26941229992213644,0.12362994045495229,6665,6563,False,False,1,0.7948521408667859,-0.5941179332236984
extra,2,orange,14,8,123,d5-d6,0.9491460714907257,0.00412555841940021,123,123,False,False,e3-h6,0.3168173795652376,0.014888244423603536,8137,8014,False,False,1,0.869150994875476,-1.0
extra,2,orange,16,9,138,h6-e9,0.9247005770444537,0.009083603188352107,138,138,True,False,h6-g3,0.6485408462403609,0.3089608784740574,10051,9913,True,False,1,0.9156169738561016,-1.0
extra,2,orange,18,10,126,d5-d7,0.9764374527075451,0.0005029246818349931,126,126,False,False,g3-j6,0.8577051650297048,0.11504137815767757,7439,7313,False,False,1,0.9584536465628098,-1.0
extra,2,orange,20,11,122,j6-g9,1.0,0.02347304423400931,122,122,True,True,j6-g9,1.0,0.1333310967341027,8802,8681,True,True,0,1.0,1.0
extra,2,black,1,1,52,g9-f6,0.11985916661590028,0.0024394549461249637,52,52,False,False,g9-f6,-0.010724580453723133,0.009897436123258961,2787,2735,False,False,0,0.11985916661590028,-0.010724580453723133
extra,2,black,3,2,61,f6-g3,0.5444668675696829,0.010443794457050015,61,61,False,False,d9-e6,0.13851046841232742,0.03902241706815275,3285,3224,False,False,1,0.2640565362183288,-0.5720304802920024
extra,2,black,5,3,70,e6-f3,0.7162882191184617,0.0023672875825289097,70,70,False,False,c8-b7,0.16749873221681433,0.019295936764931937,3628,3558,False,False,1,0.29141649748232434,-0.49365772712225603
extra,2,black,7,4,79,e6-d3,0.8666689032658973,0.0011615645830139743,79,79,False,False,e9-d7,0.40333439123954584,0.033556072484620336,4362,4283,False,False,1,0.5065610202076982,-0.44705113798112806
extra,2,black,9,5,98,e6-f3,0.9237467246970751,0.0006433597400113955,98,98,False,False,d7-d4,0.7158948581430322,0.009583680998491828,5211,5113,False,False,1,0.9211369152576779,-0.15303820621760536
extra,2,black,11,6,122,d4-c2,1.0,0.027728813253195206,122,122,True,True,d4-c2,1.0,0.18450022792650866,6777,6656,True,True,0,1.0,1.0
extra,3,orange,0,1,52,g0-f3,0.1304127057330537,0.0024328479630559285,52,52,False,False,g0-f3,4.1217029789208933e-19,0.009899670013199465,2735,2683,False,False,0,0.1304127057330537,4.1217029789208933e-19
extra,3,orange,2,2,59,f3-g6,0.8144360467556281,0.33960510554964607,59,59,True,False,f3-g6,0.6287974628634144,0.814666206673017,3566,3507,True,False,0,0.8144360467556281,0.6287974628634144
extra,3,orange,4,3,65,g6-f9,1.0,0.24223704678133162,65,65,True,True,g6-f9,1.0,0.6553347279224135,4664,4600,True,True,0,1.0,1.0
extra,3,black,1,1,52,g9-f6,0.03133952517377135,0.002472710322586155,52,52,False,False,g9-h6,-0.30715762898448357,0.0014903966069875207,3255,3203,False,False,1,-0.008249809033082416,-0.4639591404192446
extra,3,black,3,2,58,h6-g3,0.5240030406809872,0.010774444276063666,58,58,False,False,h6-i5,-0.13527356728693124,0.039428345409448784,3699,3641,False,False,1,0.29517943800425517,-0.6452315513810364
extra,3,black,5,3,58,d9-e6,0.39296112768502683,0.0,58,58,False,False,d9-e6,-0.11823302554904205,0.0,3777,3719,False,False,0,0.39296112768502683,-0.11823302554904205
extra,3,black,7,4,67,e6-h3,1.0,0.4106543955342634,67,67,True,True,e6-h3,1.0,1.3936559158469142,5973,5907,True,True,0,1.0,1.0
